date,Energy,Carbon [emissions],Administration,Climate Science,Global Warming,Population & Economy,Plastic & Waste,Agriculture,Wildlife,Natural Catastrophes
29-02-2008,0.248198448,0.046286031,0.017461197,0.023974501,0.011779379,0.040604213,0.035338137,0.045454545,0.183203991,0.006097561
31-03-2008,0.227272727,0.066666667,0.009090909,0.081818182,0.042424242,0.024242424,0.051515152,0.024242424,0.184848485,0.003030303
30-04-2008,0.247256729,0.056383713,0.017650104,0.079589372,0.043961353,0.046411318,0.053605935,0.074534161,0.124206349,0.014544513
31-05-2008,0.359258828,0.043833595,0.022033273,0.064012968,0.026362277,0.039737542,0.032933434,0.021645022,0.1446431,0.010900161
30-06-2008,0.39983438,0.050079954,0.020334095,0.059862935,0.025002856,0.040482581,0.031256425,0.060679612,0.109026271,0.009560251
31-07-2008,0.470222661,0.057435191,0.024300634,0.054473132,0.02458639,0.038082206,0.034140415,0.044169611,0.086561008,0.007991352
31-08-2008,0.429489107,0.054805715,0.024119283,0.023346982,0.032545483,0.048286943,0.028924135,0.042201835,0.113136025,0.016755645
30-09-2008,0.299094893,0.046722307,0.03827048,0.068503997,0.054574887,0.038362672,0.037405503,0.028503563,0.13481708,0.017630343
31-10-2008,0.335326912,0.060707103,0.042420874,0.053367912,0.030662291,0.037260506,0.037384002,0.05721393,0.155931336,0.012005575
30-11-2008,0.272142226,0.037804724,0.049141089,0.035392194,0.029032462,0.057963875,0.027548314,0.044334975,0.184470128,0.002513578
31-12-2008,0.233575129,0.076916757,0.043374493,0.053097172,0.030799568,0.044841698,0.036339734,0.058171745,0.173470585,0.007007371
31-01-2009,0.281522601,0.056549035,0.036003172,0.082249537,0.056542427,0.042373777,0.032117367,0.028350515,0.170988633,0.003846154
28-02-2009,0.264033531,0.063497338,0.021719594,0.055114602,0.028761847,0.072540875,0.030170298,0.022535211,0.164071291,0.004089416
31-03-2009,0.237662008,0.043916605,0.033768737,0.066439242,0.040535674,0.073201106,0.025893423,0.060674157,0.15536054,0.0045096
30-04-2009,0.209442728,0.072980811,0.025672211,0.078364342,0.044598573,0.055424072,0.027034529,0.056910569,0.141925799,0.006767763
31-05-2009,0.248592793,0.06803895,0.032684169,0.050988126,0.021570319,0.126977279,0.02189901,0.051522248,0.143370722,0.005936974
30-06-2009,0.158366038,0.065525215,0.035362888,0.086917067,0.019355849,0.157827096,0.018264146,0.048034934,0.160194756,0.012842482
31-07-2009,0.163293578,0.042512117,0.034782641,0.076335108,0.024148077,0.170037266,0.024161147,0.042471042,0.151665758,0.010627096
31-08-2009,0.168104651,0.05523049,0.015823568,0.06747503,0.028256148,0.160042434,0.022831193,0.066907776,0.180009151,0.007045233
30-09-2009,0.216034371,0.061379849,0.027849015,0.083340703,0.030715717,0.10248644,0.027849015,0.0625,0.13909032,0.013360748
31-10-2009,0.232405849,0.082947612,0.040202679,0.085542464,0.038440634,0.114489095,0.0256417,0.027491409,0.125701311,0.010239147
30-11-2009,0.184977407,0.055832875,0.037636625,0.173139159,0.036667277,0.099713012,0.018333639,0.031446541,0.139967638,0.011212371
31-12-2009,0.145932532,0.057400868,0.06015675,0.261493678,0.065245879,0.070899354,0.016135163,0.014322917,0.096257469,0.014898101
31-01-2010,0.226603738,0.039366282,0.022744112,0.127728008,0.069985181,0.083989566,0.019243016,0.045534151,0.156620087,0.011374352
28-02-2010,0.23614915,0.039968652,0.027247979,0.161674641,0.046325689,0.069015014,0.017254578,0.049090909,0.143520871,0.010900841
31-03-2010,0.241350434,0.049951533,0.030461329,0.116842277,0.038950294,0.079568267,0.022023987,0.025337838,0.16765131,0.009303446
30-04-2010,0.271710656,0.05368661,0.035979513,0.084263172,0.043856885,0.075604241,0.012282523,0.041666667,0.167788034,0.005273206
31-05-2010,0.447629079,0.017405623,0.033341473,0.035597483,0.029389748,0.065814548,0.013536058,0.044410413,0.138356046,0.018130239
30-06-2010,0.458743653,0.026330744,0.029140372,0.038856076,0.021530202,0.041645476,0.01388632,0.026243094,0.149791566,0.015260794
31-07-2010,0.375084546,0.027207308,0.027206283,0.05512275,0.032931818,0.044380839,0.024341979,0.038681948,0.141733381,0.025054212
31-08-2010,0.315818958,0.047501268,0.01682733,0.070585997,0.036011754,0.069740403,0.021446389,0.04870624,0.146996026,0.017567225
30-09-2010,0.287549037,0.030957944,0.034145321,0.069768951,0.037246164,0.051142264,0.022513557,0.046728972,0.186901465,0.028686397
31-10-2010,0.256576786,0.032751894,0.04445491,0.092817315,0.039016543,0.072550909,0.024178769,0.03286385,0.159176591,0.013258226
30-11-2010,0.245378778,0.042492605,0.03607717,0.107470096,0.04170418,0.065762058,0.028865595,0.046623794,0.173232154,0.012830868
31-12-2010,0.230002127,0.04304689,0.038473719,0.111454197,0.056896389,0.069879703,0.0138365,0.03875969,0.161360843,0.018461666
31-01-2011,0.235532502,0.033686493,0.021208865,0.090672338,0.047547076,0.082809195,0.023411744,0.060781476,0.188548455,0.029200456
28-02-2011,0.24548848,0.03916902,0.043479051,0.089663802,0.042642799,0.082663221,0.024384628,0.020797227,0.175740204,0.024377053
31-03-2011,0.411393714,0.032712986,0.035463193,0.059160463,0.028949545,0.063110008,0.020781638,0.029776675,0.144396195,0.020140612
30-04-2011,0.401386394,0.04201841,0.026212393,0.061416704,0.020925011,0.047704311,0.019398294,0.032061069,0.138268972,0.02341154
31-05-2011,0.313168929,0.038035143,0.032043334,0.079162044,0.030342459,0.064344993,0.013167841,0.038961039,0.159058278,0.03780265
30-06-2011,0.350615017,0.044703492,0.028333356,0.084066341,0.035779871,0.055806175,0.014856437,0.037537538,0.14680005,0.02088684
31-07-2011,0.334081331,0.056490289,0.034562431,0.09032784,0.042804972,0.052383269,0.008953171,0.043175487,0.144700491,0.016584837
31-08-2011,0.309953568,0.032699926,0.042144949,0.076178141,0.044388222,0.062489948,0.015955803,0.038626609,0.1683269,0.042811582
30-09-2011,0.259473344,0.042435116,0.063024787,0.078761092,0.043530438,0.06638236,0.015513528,0.037225042,0.13636231,0.023849116
31-10-2011,0.280701985,0.046248374,0.049781943,0.075860076,0.036347157,0.095984342,0.025608523,0.038869258,0.141635031,0.012735298
30-11-2011,0.278410202,0.047124752,0.03519971,0.088326667,0.030426291,0.091060612,0.018540933,0.02725724,0.137492311,0.018600459
31-12-2011,0.248913515,0.045859902,0.03774531,0.066798737,0.040473906,0.079615242,0.014833158,0.04137931,0.171813285,0.024565096
31-01-2012,0.270446479,0.027940094,0.043603645,0.066630957,0.037808943,0.05266632,0.021425789,0.045751634,0.196495044,0.023801022
29-02-2012,0.247903032,0.035704678,0.037921819,0.079294484,0.034135811,0.0898576,0.020017111,0.049698795,0.168838972,0.016314894
31-03-2012,0.267874992,0.032730807,0.037411736,0.07681811,0.028052555,0.071472302,0.017360938,0.041388518,0.1783501,0.024047214
30-04-2012,0.25676281,0.031626043,0.030256206,0.070421594,0.045453756,0.079541686,0.022384419,0.044058745,0.14957351,0.040234834
31-05-2012,0.240841248,0.039348711,0.044097693,0.071234735,0.03256445,0.090909091,0.010176391,0.029850746,0.193351425,0.02917232
30-06-2012,0.208248034,0.028502823,0.02775432,0.061206647,0.03609661,0.091460242,0.015464797,0.028490028,0.184114677,0.037049832
31-07-2012,0.192447109,0.036898046,0.030478541,0.076671368,0.058904896,0.094419706,0.00993653,0.035260931,0.17381221,0.04825408
31-08-2012,0.192987947,0.035573737,0.056822782,0.076646665,0.058168298,0.080071361,0.015735799,0.028846154,0.164983209,0.052748752
30-09-2012,0.183314432,0.029139809,0.06960601,0.072350992,0.06269788,0.079835078,0.009733322,0.054462935,0.174818802,0.02922002
31-10-2012,0.214018283,0.030765264,0.071467378,0.0790834,0.03577109,0.070063857,0.013997811,0.023224044,0.160619518,0.081862884
30-11-2012,0.192513257,0.051039805,0.061410698,0.100563845,0.041556399,0.080820636,0.018097838,0.031796502,0.154155023,0.047083757
31-12-2012,0.186743764,0.051066708,0.034582425,0.10767804,0.056506622,0.082017538,0.011873737,0.027124774,0.170483858,0.047330404
31-01-2013,0.210669623,0.038823087,0.045823042,0.095518019,0.043276867,0.068722407,0.012734926,0.042145594,0.171224174,0.040128589
28-02-2013,0.242929324,0.039636745,0.04757865,0.079193438,0.030984759,0.07209989,0.016593891,0.043041607,0.161496476,0.038165637
31-03-2013,0.270049462,0.035225064,0.030659277,0.079582552,0.043049452,0.086113371,0.009133275,0.028683181,0.163720678,0.022177893
30-04-2013,0.271578509,0.046472242,0.028797045,0.072651374,0.035358961,0.057611223,0.016366241,0.054018445,0.168162372,0.035367527
31-05-2013,0.225423321,0.046442575,0.022545691,0.086753461,0.041669544,0.053964649,0.010928982,0.066848568,0.172789335,0.066254155
30-06-2013,0.217514558,0.04801272,0.052256001,0.082640251,0.035314795,0.060031361,0.009177817,0.05077574,0.16597774,0.081891143
31-07-2013,0.242000858,0.045262611,0.038398139,0.087821208,0.056953665,0.05898591,0.012328953,0.037190083,0.174959355,0.052855304
31-08-2013,0.260717649,0.042215339,0.032661766,0.098686893,0.063966679,0.062642266,0.009539671,0.03256445,0.170859562,0.03400935
30-09-2013,0.246563994,0.050460087,0.025586677,0.16065273,0.050455036,0.04619059,0.014933139,0.041369472,0.154976905,0.034130724
31-10-2013,0.271637846,0.067035336,0.033511816,0.118006262,0.029329666,0.057264632,0.011171256,0.026499303,0.147353483,0.026528562
30-11-2013,0.248103965,0.067237206,0.029797718,0.129596012,0.049887621,0.049187414,0.017323651,0.027777778,0.151800945,0.056829184
31-12-2013,0.232931851,0.053222192,0.029494034,0.12291093,0.071863604,0.040967898,0.012225351,0.031791908,0.135078394,0.036683288
31-01-2014,0.22213834,0.059673658,0.032357646,0.111019339,0.081885748,0.051283393,0.009506476,0.026490066,0.177651872,0.042743635
28-02-2014,0.243240335,0.063534262,0.034481244,0.094963226,0.039953389,0.069547326,0.008465867,0.020631068,0.170571194,0.046591548
31-03-2014,0.239194126,0.073424472,0.034794977,0.127415985,0.0423458,0.059029774,0.011148918,0.030150754,0.149845167,0.035462522
30-04-2014,0.219220172,0.056811297,0.031618524,0.132469338,0.037789159,0.061862607,0.014562379,0.026184539,0.154513014,0.053006869
31-05-2014,0.222420896,0.050030438,0.03333121,0.137200396,0.054695972,0.051768245,0.012554683,0.022864019,0.144141714,0.050605224
30-06-2014,0.206815203,0.071720481,0.060675563,0.098522578,0.043083522,0.054134398,0.020237102,0.02987013,0.151971881,0.059275587
31-07-2014,0.208844205,0.047888868,0.031855762,0.095616804,0.05917447,0.073243671,0.011285602,0.039525692,0.16620067,0.062406381
31-08-2014,0.234548397,0.043512773,0.032892247,0.107055942,0.06176257,0.064453852,0.015523135,0.036848793,0.146666779,0.047114737
30-09-2014,0.196224995,0.04403113,0.0422349,0.151371388,0.047998597,0.076089941,0.010162106,0.022271715,0.141447,0.040466638
31-10-2014,0.228716297,0.05550051,0.021216147,0.115737405,0.054806191,0.065108389,0.0089023,0.019230769,0.169173722,0.030137213
30-11-2014,0.223327666,0.054406569,0.053775539,0.113147122,0.04571753,0.050030445,0.015211084,0.024320458,0.1640825,0.034735083
31-12-2014,0.243977323,0.063391052,0.030314775,0.125455976,0.055817108,0.062003177,0.013783761,0.024896266,0.158527503,0.03377734
31-01-2015,0.262514762,0.03923727,0.045143938,0.110957798,0.063959601,0.058152771,0.012394445,0.027202073,0.145650297,0.041739199
28-02-2015,0.238909575,0.04774704,0.043137552,0.145299273,0.056377721,0.044456813,0.013256021,0.018691589,0.165310123,0.028538491
31-03-2015,0.225708444,0.05756215,0.038384958,0.136557558,0.068281327,0.056420742,0.017492468,0.028248588,0.142798999,0.031050516
30-04-2015,0.22145383,0.047770172,0.031554466,0.109614058,0.048786181,0.053015532,0.011894119,0.044417767,0.15365366,0.041776994
31-05-2015,0.264506506,0.059264724,0.034100564,0.093504973,0.052610617,0.061208775,0.016094995,0.037735849,0.140058322,0.050434526
30-06-2015,0.220375567,0.052598209,0.043721028,0.126627815,0.044108389,0.069218109,0.011310552,0.027874564,0.15920467,0.043859142
31-07-2015,0.212395381,0.055950747,0.031719393,0.10000989,0.059537762,0.060703557,0.016698191,0.036105033,0.186747271,0.041548295
31-08-2015,0.208475435,0.054268674,0.037211219,0.090384005,0.054891071,0.074723514,0.011996646,0.0287687,0.166360149,0.051982852
30-09-2015,0.193895623,0.048581522,0.042115692,0.113415417,0.055495579,0.085791301,0.014563319,0.039053254,0.157912322,0.035086844
31-10-2015,0.20411572,0.050894528,0.039525029,0.121283646,0.048183624,0.066593031,0.016783686,0.034669556,0.161879201,0.057934436
30-11-2015,0.191974195,0.063490006,0.04416085,0.163873109,0.082698683,0.062814587,0.007167353,0.027746948,0.138406157,0.036451944
31-12-2015,0.18400686,0.069377211,0.039754529,0.183857863,0.05752921,0.055950263,0.013444099,0.025458248,0.13668346,0.038736199
31-01-2016,0.183802366,0.062707645,0.036893055,0.086392487,0.072152711,0.08376639,0.017395534,0.032838983,0.148692615,0.04370092
29-02-2016,0.194833293,0.04503126,0.043051054,0.089628627,0.055515649,0.061719719,0.014557709,0.026476578,0.14657768,0.034112978
31-03-2016,0.214579512,0.047710433,0.047278461,0.100566756,0.055415106,0.05486806,0.020094939,0.032822757,0.165667585,0.041337672
30-04-2016,0.211435525,0.046624485,0.046051306,0.101041571,0.045467247,0.068870247,0.013945259,0.028108108,0.155730646,0.054061498
31-05-2016,0.197263629,0.054899149,0.047782341,0.102687982,0.044555583,0.061918587,0.017369496,0.02699784,0.184649884,0.056994063
30-06-2016,0.213598664,0.051634533,0.045952714,0.072078307,0.058792008,0.089099526,0.016865037,0.022511848,0.16806872,0.055708746
31-07-2016,0.176028211,0.047254101,0.062959124,0.087658308,0.056772163,0.075891706,0.014622463,0.030167598,0.182166511,0.057233499
31-08-2016,0.179914252,0.034996127,0.06097739,0.092982768,0.04433063,0.090726122,0.01289474,0.022244692,0.175321583,0.073765584
30-09-2016,0.18871156,0.048057789,0.079082524,0.08988696,0.04700019,0.07446198,0.011775335,0.029691211,0.176124275,0.052200108
31-10-2016,0.1853563,0.049660217,0.070660689,0.082973101,0.0368633,0.080901369,0.016383514,0.026666667,0.143374233,0.089090766
30-11-2016,0.173938999,0.045115899,0.133323082,0.095229265,0.05815454,0.06315653,0.013531604,0.017017017,0.120804539,0.032071228
31-12-2016,0.169649469,0.037883849,0.100776751,0.10762209,0.06269959,0.060946352,0.013476925,0.029834254,0.148220481,0.030988869
31-01-2017,0.162257595,0.048870479,0.110654748,0.11707677,0.069511448,0.062289065,0.020867639,0.01719457,0.133610468,0.033102269
28-02-2017,0.165480549,0.042231121,0.108913043,0.093175057,0.052843249,0.071538902,0.014399314,0.019565217,0.130446224,0.045120137
31-03-2017,0.151378185,0.05322856,0.108231405,0.095871167,0.048634608,0.079827689,0.021561607,0.032228361,0.13664522,0.051380205
30-04-2017,0.140541358,0.042667458,0.093811903,0.120012206,0.056343646,0.073357099,0.018771302,0.015712682,0.144763043,0.051586655
31-05-2017,0.191370031,0.038129463,0.087378104,0.10607415,0.05144943,0.068764654,0.020652377,0.030480657,0.136547479,0.058925717
30-06-2017,0.166694317,0.045344922,0.111664117,0.104058754,0.039558333,0.064111781,0.032419952,0.025641026,0.127266555,0.060892059
31-07-2017,0.18862371,0.03844973,0.065739111,0.099141354,0.059679978,0.085006959,0.027818487,0.014213198,0.135078087,0.05566563
31-08-2017,0.174846755,0.031177102,0.055874162,0.094937116,0.045323658,0.0642447,0.025982258,0.021925643,0.133764651,0.108703518
30-09-2017,0.115784566,0.024034812,0.034696257,0.086157612,0.023731494,0.058354577,0.024707304,0.02039429,0.101968851,0.3203256
31-10-2017,0.173905014,0.053984454,0.062752158,0.085653914,0.041986389,0.072027477,0.028142542,0.031472081,0.140818241,0.08859407
30-11-2017,0.186512856,0.05523416,0.062304867,0.103673095,0.045408632,0.083310376,0.039784206,0.018181818,0.136650597,0.046430211
31-12-2017,0.173707687,0.053144165,0.084405862,0.091402493,0.047673548,0.088703176,0.036151661,0.021786492,0.134706746,0.038306316
31-01-2018,0.182824527,0.033659491,0.069458578,0.101872146,0.05258317,0.101330724,0.046842792,0.016634051,0.126060013,0.056216569
28-02-2018,0.182778402,0.045553243,0.073154283,0.080100222,0.047851503,0.09853015,0.062235723,0.031322506,0.11818595,0.032321807
31-03-2018,0.173011183,0.049695701,0.056958412,0.073857982,0.049630737,0.089830335,0.064928347,0.026496565,0.124993233,0.05005645
30-04-2018,0.172616221,0.036727581,0.062943829,0.071990972,0.044300982,0.101030528,0.07015971,0.029272899,0.132564531,0.041911608
31-05-2018,0.164579684,0.051244427,0.046149369,0.076602552,0.033643666,0.095547802,0.060532976,0.037111334,0.127132109,0.07618106
30-06-2018,0.160264183,0.039289747,0.045374505,0.07664822,0.041366489,0.083721758,0.083240593,0.033066132,0.145220899,0.058526189
31-07-2018,0.13925322,0.042785715,0.053415595,0.058984449,0.053378752,0.075842365,0.088929073,0.033085194,0.162457996,0.061625489
31-08-2018,0.123652049,0.044212797,0.046728972,0.074406902,0.040977714,0.06038821,0.070452912,0.032350827,0.18116463,0.063623293
30-09-2018,0.112996287,0.034067986,0.035515059,0.074238176,0.030487353,0.051295985,0.057027673,0.024355301,0.158897136,0.180772033
31-10-2018,0.124880097,0.049017619,0.052240129,0.120644051,0.03901395,0.059762736,0.056930165,0.033764368,0.12098275,0.096318683
30-11-2018,0.124273256,0.04869186,0.050872093,0.10755814,0.027252907,0.070857558,0.058502907,0.023982558,0.152979651,0.038880814
31-12-2018,0.1417923,0.056188996,0.05572404,0.111881495,0.037798118,0.062689619,0.072996046,0.024962179,0.147457637,0.026703719
31-01-2019,0.133075328,0.04408137,0.043306013,0.081059401,0.062739087,0.062418442,0.085206553,0.027448071,0.159611741,0.034702236
28-02-2019,0.115506758,0.039945684,0.049165408,0.112210023,0.04362486,0.052091805,0.090558557,0.032376748,0.157688993,0.038169029
31-03-2019,0.107767752,0.046287043,0.049990592,0.101637484,0.037572507,0.053694141,0.088862886,0.032021348,0.14217373,0.049914068
30-04-2019,0.119869871,0.034738628,0.032515409,0.092456747,0.038896467,0.057054954,0.111901322,0.025575448,0.134853376,0.046888795
31-05-2019,0.100578148,0.046517364,0.041452597,0.095829006,0.029131757,0.049647063,0.109597889,0.027886224,0.13932696,0.070612633
30-06-2019,0.100762915,0.040581832,0.047577592,0.094041157,0.049808778,0.051495092,0.09907895,0.029066518,0.150586575,0.066582623
31-07-2019,0.112493129,0.037496721,0.037498144,0.093500214,0.055513911,0.049184204,0.088383258,0.020457867,0.147306813,0.058683922
31-08-2019,0.105590059,0.031012031,0.048530975,0.098484871,0.035747778,0.057293473,0.088066632,0.032654993,0.130444545,0.06652161
30-09-2019,0.092310384,0.031674945,0.049293502,0.136845665,0.030991574,0.050660244,0.069205824,0.02425876,0.124614772,0.084071861
31-10-2019,0.115582112,0.04506038,0.047206756,0.114755967,0.041237553,0.064806465,0.073998712,0.02688728,0.114889237,0.039510552
30-11-2019,0.110935893,0.056473356,0.044960893,0.116160103,0.037749783,0.059073502,0.092215309,0.023094688,0.13228951,0.035747933
31-12-2019,0.10492685,0.050104509,0.044034414,0.123079822,0.047925182,0.054522596,0.093054566,0.023587493,0.126366855,0.032174867
31-01-2020,0.094031261,0.04542293,0.048462177,0.11744869,0.043218187,0.064145756,0.099309992,0.020030045,0.132659066,0.035678883
29-02-2020,0.11637014,0.048855548,0.047138127,0.094715678,0.050831308,0.060050975,0.093391791,0.025568182,0.143584101,0.036407876
31-03-2020,0.098879186,0.043598417,0.046513869,0.065261098,0.031006507,0.100033041,0.094497791,0.023906706,0.151804995,0.027770749
30-04-2020,0.105419583,0.035143128,0.055611805,0.059748263,0.026284954,0.096571209,0.074430064,0.022639426,0.15522491,0.053387155
31-05-2020,0.111785104,0.038437098,0.043479683,0.056518742,0.038460193,0.077207498,0.082213517,0.024332344,0.142580203,0.060364761
30-06-2020,0.109255337,0.037584598,0.040480263,0.081505617,0.033494892,0.078348946,0.080096731,0.023768116,0.14828921,0.059108882
31-07-2020,0.105623308,0.036226772,0.045671155,0.06698713,0.041425763,0.064286562,0.094108156,0.033047736,0.157423315,0.063404176
31-08-2020,0.098189521,0.031565712,0.051136255,0.048506718,0.044127915,0.060209147,0.085905711,0.025087515,0.162481657,0.101668584
30-09-2020,0.09842599,0.032329988,0.060336898,0.085386747,0.034368427,0.057766055,0.078502827,0.018317115,0.164461983,0.06927926
31-10-2020,0.120973341,0.03254357,0.065717225,0.068057694,0.040524307,0.06071651,0.087863851,0.02166065,0.142733921,0.050996987
30-11-2020,0.130492904,0.028871163,0.081055122,0.060022005,0.03290571,0.057688415,0.077256024,0.019016393,0.148691825,0.057032677
31-12-2020,0.149854579,0.047561881,0.046030322,0.064362624,0.041345916,0.058152847,0.099201733,0.028125,0.151772896,0.037663985
31-01-2021,0.131048585,0.032483599,0.070460094,0.074404045,0.044158397,0.052954839,0.081693195,0.021685254,0.14245525,0.033489335
28-02-2021,0.156022308,0.042060742,0.043952304,0.064025869,0.039209692,0.050944947,0.066441276,0.029680365,0.158597729,0.040886114
31-03-2021,0.136633514,0.042107714,0.034940202,0.074459997,0.033477725,0.044835715,0.082073496,0.016648169,0.166429007,0.060296183
30-04-2021,0.125065434,0.046295889,0.058413987,0.076395788,0.036315605,0.04838212,0.07702672,0.028846154,0.154066335,0.031078536
31-05-2021,0.121581307,0.049040955,0.037468254,0.069559208,0.034480748,0.054399167,0.068362721,0.035735557,0.183721058,0.041337485
30-06-2021,0.129628222,0.04348775,0.034915516,0.075180161,0.042314995,0.05445279,0.053865625,0.022432113,0.162165121,0.053561006
