date,Total,EVs/Alternative fuels,Solar energy,Renewable energy,Nuclear energy,Oil & gas,pr-EVs/Alternative fuels,pr-Solar energy,pr-Renewable energy,pr-Nuclear energy,pr-Oil & gas
2008-02-29,23,9,3,10,,1,0.391304347826087,0.13043478260869565,0.43478260869565216,,0.043478260869565216
2008-03-31,40,13,10,15,1.0,1,0.325,0.25,0.375,0.025,0.025
2008-04-30,51,22,9,11,1.0,8,0.43137254901960786,0.17647058823529413,0.21568627450980393,0.0196078431372549,0.1568627450980392
2008-05-31,83,23,12,15,4.0,29,0.27710843373493976,0.14457831325301204,0.18072289156626506,0.04819277108433735,0.3493975903614458
2008-06-30,181,63,24,31,5.0,58,0.34806629834254144,0.13259668508287292,0.1712707182320442,0.027624309392265192,0.32044198895027626
2008-07-31,266,71,33,62,21.0,79,0.2669172932330827,0.12406015037593984,0.23308270676691728,0.07894736842105263,0.29699248120300753
2008-08-31,233,56,24,82,23.0,48,0.24034334763948498,0.10300429184549356,0.351931330472103,0.09871244635193133,0.20600858369098712
2008-09-30,133,45,15,37,5.0,31,0.3383458646616541,0.11278195488721804,0.2781954887218045,0.03759398496240601,0.23308270676691728
2008-10-31,149,44,25,40,4.0,36,0.2953020134228188,0.16778523489932887,0.2684563758389262,0.026845637583892617,0.24161073825503357
2008-11-30,97,29,14,33,8.0,13,0.29896907216494845,0.14432989690721648,0.3402061855670103,0.08247422680412371,0.13402061855670103
2008-12-31,83,29,12,21,3.0,18,0.3493975903614458,0.14457831325301204,0.25301204819277107,0.03614457831325301,0.21686746987951808
2009-01-31,105,37,15,26,6.0,21,0.3523809523809524,0.14285714285714285,0.24761904761904763,0.05714285714285714,0.2
2009-02-28,94,29,12,29,6.0,18,0.30851063829787234,0.1276595744680851,0.30851063829787234,0.06382978723404255,0.19148936170212766
2009-03-31,115,36,16,37,7.0,19,0.3130434782608696,0.1391304347826087,0.3217391304347826,0.06086956521739131,0.16521739130434782
2009-04-30,80,32,16,18,3.0,11,0.4,0.2,0.225,0.0375,0.1375
2009-05-31,104,40,12,27,9.0,16,0.38461538461538464,0.11538461538461539,0.25961538461538464,0.08653846153846154,0.15384615384615385
2009-06-30,87,25,13,25,10.0,14,0.28735632183908044,0.14942528735632185,0.28735632183908044,0.11494252873563218,0.16091954022988506
2009-07-31,89,28,14,30,7.0,10,0.3146067415730337,0.15730337078651685,0.33707865168539325,0.07865168539325842,0.11235955056179775
2009-08-31,98,32,17,26,9.0,14,0.32653061224489793,0.17346938775510204,0.2653061224489796,0.09183673469387756,0.14285714285714285
2009-09-30,115,32,22,33,8.0,20,0.2782608695652174,0.19130434782608696,0.28695652173913044,0.06956521739130435,0.17391304347826086
2009-10-31,145,44,17,44,17.0,23,0.30344827586206896,0.11724137931034483,0.30344827586206896,0.11724137931034483,0.15862068965517243
2009-11-30,113,24,13,30,16.0,30,0.21238938053097345,0.11504424778761062,0.26548672566371684,0.1415929203539823,0.26548672566371684
2009-12-31,111,28,18,37,9.0,19,0.25225225225225223,0.16216216216216217,0.3333333333333333,0.08108108108108109,0.17117117117117117
2010-01-31,125,37,18,30,16.0,24,0.296,0.144,0.24,0.128,0.192
2010-02-28,130,39,16,37,14.0,24,0.3,0.12307692307692308,0.2846153846153846,0.1076923076923077,0.18461538461538463
2010-03-31,149,32,20,45,18.0,34,0.21476510067114093,0.1342281879194631,0.30201342281879195,0.12080536912751678,0.22818791946308725
2010-04-30,161,36,18,42,16.0,49,0.2236024844720497,0.11180124223602485,0.2608695652173913,0.09937888198757763,0.30434782608695654
2010-05-31,313,21,21,43,14.0,214,0.0670926517571885,0.0670926517571885,0.13738019169329074,0.04472843450479233,0.6837060702875399
2010-06-30,334,37,36,42,17.0,202,0.11077844311377245,0.10778443113772455,0.12574850299401197,0.05089820359281437,0.6047904191616766
2010-07-31,267,33,42,55,24.0,113,0.12359550561797752,0.15730337078651685,0.20599250936329588,0.0898876404494382,0.4232209737827715
2010-08-31,215,39,35,64,15.0,62,0.1813953488372093,0.16279069767441862,0.29767441860465116,0.06976744186046512,0.28837209302325584
2010-09-30,193,32,31,70,13.0,47,0.16580310880829016,0.16062176165803108,0.3626943005181347,0.06735751295336788,0.24352331606217617
2010-10-31,176,41,31,61,4.0,39,0.23295454545454544,0.17613636363636365,0.3465909090909091,0.022727272727272728,0.2215909090909091
2010-11-30,156,36,21,50,9.0,40,0.23076923076923078,0.1346153846153846,0.32051282051282054,0.057692307692307696,0.2564102564102564
2010-12-31,137,28,31,48,6.0,24,0.20437956204379562,0.22627737226277372,0.35036496350364965,0.043795620437956206,0.17518248175182483
2011-01-31,158,34,27,46,19.0,32,0.21518987341772153,0.17088607594936708,0.2911392405063291,0.12025316455696203,0.20253164556962025
2011-02-28,148,21,22,50,10.0,45,0.14189189189189189,0.14864864864864866,0.33783783783783783,0.06756756756756757,0.30405405405405406
2011-03-31,305,24,24,49,150.0,58,0.07868852459016394,0.07868852459016394,0.16065573770491803,0.4918032786885246,0.1901639344262295
2011-04-30,277,33,38,71,82.0,53,0.11913357400722022,0.1371841155234657,0.2563176895306859,0.296028880866426,0.19133574007220217
2011-05-31,183,30,24,65,34.0,30,0.16393442622950818,0.13114754098360656,0.3551912568306011,0.18579234972677597,0.16393442622950818
2011-06-30,245,42,50,73,45.0,35,0.17142857142857143,0.20408163265306123,0.2979591836734694,0.1836734693877551,0.14285714285714285
2011-07-31,257,35,28,72,29.0,93,0.13618677042801555,0.10894941634241245,0.2801556420233463,0.11284046692607004,0.36186770428015563
2011-08-31,215,22,27,64,41.0,61,0.10232558139534884,0.12558139534883722,0.29767441860465116,0.19069767441860466,0.2837209302325581
2011-09-30,167,29,35,45,20.0,38,0.17365269461077845,0.20958083832335328,0.2694610778443114,0.11976047904191617,0.2275449101796407
2011-10-31,149,26,20,46,13.0,44,0.174496644295302,0.1342281879194631,0.3087248322147651,0.087248322147651,0.2953020134228188
2011-11-30,178,31,19,60,23.0,45,0.17415730337078653,0.10674157303370786,0.33707865168539325,0.12921348314606743,0.25280898876404495
2011-12-31,139,24,24,35,19.0,37,0.17266187050359713,0.17266187050359713,0.2517985611510791,0.1366906474820144,0.26618705035971224
2012-01-31,153,24,18,46,19.0,46,0.1568627450980392,0.11764705882352941,0.3006535947712418,0.12418300653594772,0.3006535947712418
2012-02-29,172,33,25,38,22.0,54,0.19186046511627908,0.14534883720930233,0.22093023255813954,0.12790697674418605,0.313953488372093
2012-03-31,207,31,25,49,25.0,77,0.1497584541062802,0.12077294685990338,0.23671497584541062,0.12077294685990338,0.3719806763285024
2012-04-30,168,27,16,58,33.0,34,0.16071428571428573,0.09523809523809523,0.34523809523809523,0.19642857142857142,0.20238095238095238
2012-05-31,176,31,28,51,31.0,35,0.17613636363636365,0.1590909090909091,0.2897727272727273,0.17613636363636365,0.19886363636363635
2012-06-30,145,21,21,44,24.0,35,0.14482758620689656,0.14482758620689656,0.30344827586206896,0.16551724137931034,0.2413793103448276
2012-07-31,147,20,9,53,17.0,48,0.1360544217687075,0.061224489795918366,0.36054421768707484,0.11564625850340136,0.32653061224489793
2012-08-31,148,23,13,52,23.0,37,0.1554054054054054,0.08783783783783784,0.35135135135135137,0.1554054054054054,0.25
2012-09-30,138,24,27,52,14.0,21,0.17391304347826086,0.1956521739130435,0.37681159420289856,0.10144927536231885,0.15217391304347827
2012-10-31,152,38,13,46,17.0,38,0.25,0.08552631578947369,0.3026315789473684,0.1118421052631579,0.25
2012-11-30,121,12,22,28,9.0,50,0.09917355371900827,0.18181818181818182,0.23140495867768596,0.0743801652892562,0.4132231404958678
2012-12-31,93,15,12,23,12.0,31,0.16129032258064516,0.12903225806451613,0.24731182795698925,0.12903225806451613,0.3333333333333333
2013-01-31,172,26,21,52,18.0,55,0.1511627906976744,0.12209302325581395,0.3023255813953488,0.10465116279069768,0.31976744186046513
2013-02-28,162,19,23,49,19.0,52,0.11728395061728394,0.1419753086419753,0.30246913580246915,0.11728395061728394,0.32098765432098764
2013-03-31,196,20,30,48,27.0,71,0.10204081632653061,0.15306122448979592,0.24489795918367346,0.1377551020408163,0.3622448979591837
2013-04-30,211,20,25,67,20.0,79,0.0947867298578199,0.11848341232227488,0.3175355450236967,0.0947867298578199,0.3744075829383886
2013-05-31,172,22,33,46,22.0,49,0.12790697674418605,0.19186046511627908,0.26744186046511625,0.12790697674418605,0.28488372093023256
2013-06-30,154,20,25,44,25.0,40,0.12987012987012986,0.16233766233766234,0.2857142857142857,0.16233766233766234,0.2597402597402597
2013-07-31,197,13,26,68,28.0,62,0.06598984771573604,0.1319796954314721,0.34517766497461927,0.14213197969543148,0.3147208121827411
2013-08-31,190,24,29,35,46.0,56,0.12631578947368421,0.15263157894736842,0.18421052631578946,0.24210526315789474,0.29473684210526313
2013-09-30,186,16,42,45,42.0,41,0.08602150537634409,0.22580645161290322,0.24193548387096775,0.22580645161290322,0.22043010752688172
2013-10-31,189,20,30,53,41.0,45,0.10582010582010581,0.15873015873015872,0.2804232804232804,0.21693121693121692,0.23809523809523808
2013-11-30,176,19,36,50,40.0,31,0.10795454545454546,0.20454545454545456,0.2840909090909091,0.22727272727272727,0.17613636363636365
2013-12-31,162,23,23,47,20.0,49,0.1419753086419753,0.1419753086419753,0.29012345679012347,0.12345679012345678,0.30246913580246915
2014-01-31,200,30,33,64,25.0,48,0.15,0.165,0.32,0.125,0.24
2014-02-28,189,19,33,56,17.0,64,0.10052910052910052,0.1746031746031746,0.2962962962962963,0.08994708994708994,0.3386243386243386
2014-03-31,201,27,29,60,20.0,65,0.13432835820895522,0.14427860696517414,0.29850746268656714,0.09950248756218906,0.32338308457711445
2014-04-30,181,20,33,59,22.0,47,0.11049723756906077,0.18232044198895028,0.3259668508287293,0.12154696132596685,0.2596685082872928
2014-05-31,194,31,34,43,26.0,60,0.15979381443298968,0.17525773195876287,0.22164948453608246,0.13402061855670103,0.30927835051546393
2014-06-30,163,27,29,40,33.0,34,0.1656441717791411,0.17791411042944785,0.24539877300613497,0.20245398773006135,0.2085889570552147
2014-07-31,161,23,27,52,22.0,37,0.14285714285714285,0.16770186335403728,0.32298136645962733,0.13664596273291926,0.22981366459627328
2014-08-31,208,30,41,66,29.0,42,0.14423076923076922,0.1971153846153846,0.3173076923076923,0.13942307692307693,0.20192307692307693
2014-09-30,176,29,32,47,24.0,44,0.16477272727272727,0.18181818181818182,0.26704545454545453,0.13636363636363635,0.25
2014-10-31,181,32,32,44,27.0,46,0.17679558011049723,0.17679558011049723,0.2430939226519337,0.14917127071823205,0.2541436464088398
2014-11-30,143,15,28,48,13.0,39,0.1048951048951049,0.1958041958041958,0.3356643356643357,0.09090909090909091,0.2727272727272727
2014-12-31,176,18,34,54,24.0,46,0.10227272727272728,0.19318181818181818,0.3068181818181818,0.13636363636363635,0.26136363636363635
2015-01-31,194,24,39,55,20.0,56,0.12371134020618557,0.20103092783505155,0.28350515463917525,0.10309278350515463,0.28865979381443296
2015-02-28,178,24,32,40,27.0,55,0.1348314606741573,0.1797752808988764,0.2247191011235955,0.15168539325842698,0.3089887640449438
2015-03-31,220,20,41,69,31.0,59,0.09090909090909091,0.18636363636363637,0.31363636363636366,0.1409090909090909,0.2681818181818182
2015-04-30,199,33,24,55,29.0,58,0.1658291457286432,0.12060301507537688,0.27638190954773867,0.1457286432160804,0.2914572864321608
2015-05-31,270,43,45,78,31.0,73,0.15925925925925927,0.16666666666666666,0.28888888888888886,0.11481481481481481,0.27037037037037037
2015-06-30,200,24,40,61,28.0,47,0.12,0.2,0.305,0.14,0.235
2015-07-31,191,30,34,58,22.0,47,0.15706806282722513,0.17801047120418848,0.3036649214659686,0.11518324607329843,0.24607329842931938
2015-08-31,196,27,30,56,30.0,53,0.1377551020408163,0.15306122448979592,0.2857142857142857,0.15306122448979592,0.27040816326530615
2015-09-30,178,27,31,54,19.0,47,0.15168539325842698,0.17415730337078653,0.30337078651685395,0.10674157303370786,0.2640449438202247
2015-10-31,187,33,39,47,30.0,38,0.17647058823529413,0.20855614973262032,0.25133689839572193,0.16042780748663102,0.20320855614973263
2015-11-30,171,31,17,64,26.0,33,0.18128654970760233,0.09941520467836257,0.3742690058479532,0.15204678362573099,0.19298245614035087
2015-12-31,160,24,28,45,18.0,45,0.15,0.175,0.28125,0.1125,0.28125
2016-01-31,189,19,35,55,28.0,52,0.10052910052910052,0.18518518518518517,0.291005291005291,0.14814814814814814,0.2751322751322751
2016-02-29,180,25,31,50,31.0,43,0.1388888888888889,0.17222222222222222,0.2777777777777778,0.17222222222222222,0.2388888888888889
2016-03-31,196,26,43,57,34.0,36,0.1326530612244898,0.2193877551020408,0.29081632653061223,0.17346938775510204,0.1836734693877551
2016-04-30,191,40,42,49,27.0,33,0.2094240837696335,0.2198952879581152,0.25654450261780104,0.14136125654450263,0.17277486910994763
2016-05-31,194,25,32,67,21.0,49,0.12886597938144329,0.16494845360824742,0.34536082474226804,0.10824742268041238,0.25257731958762886
2016-06-30,182,41,31,53,20.0,37,0.22527472527472528,0.17032967032967034,0.29120879120879123,0.10989010989010989,0.2032967032967033
2016-07-31,168,32,24,63,16.0,33,0.19047619047619047,0.14285714285714285,0.375,0.09523809523809523,0.19642857142857142
2016-08-31,163,23,29,59,23.0,29,0.1411042944785276,0.17791411042944785,0.3619631901840491,0.1411042944785276,0.17791411042944785
2016-09-30,173,37,23,52,25.0,36,0.2138728323699422,0.1329479768786127,0.30057803468208094,0.14450867052023122,0.20809248554913296
2016-10-31,181,25,34,69,22.0,31,0.13812154696132597,0.1878453038674033,0.3812154696132597,0.12154696132596685,0.1712707182320442
2016-11-30,176,21,35,57,22.0,41,0.11931818181818182,0.19886363636363635,0.32386363636363635,0.125,0.23295454545454544
2016-12-31,160,26,19,58,11.0,46,0.1625,0.11875,0.3625,0.06875,0.2875
2017-01-31,171,22,35,54,30.0,30,0.1286549707602339,0.2046783625730994,0.3157894736842105,0.17543859649122806,0.17543859649122806
2017-02-28,143,19,18,59,27.0,20,0.13286713286713286,0.1258741258741259,0.4125874125874126,0.1888111888111888,0.13986013986013987
2017-03-31,165,35,28,49,23.0,30,0.21212121212121213,0.1696969696969697,0.296969696969697,0.1393939393939394,0.18181818181818182
2017-04-30,130,21,22,40,23.0,24,0.16153846153846155,0.16923076923076924,0.3076923076923077,0.17692307692307693,0.18461538461538463
2017-05-31,180,27,26,58,32.0,37,0.15,0.14444444444444443,0.32222222222222224,0.17777777777777778,0.20555555555555555
2017-06-30,171,34,24,55,31.0,27,0.19883040935672514,0.14035087719298245,0.3216374269005848,0.18128654970760233,0.15789473684210525
2017-07-31,200,45,28,61,35.0,31,0.225,0.14,0.305,0.175,0.155
2017-08-31,188,36,33,62,29.0,28,0.19148936170212766,0.17553191489361702,0.32978723404255317,0.15425531914893617,0.14893617021276595
2017-09-30,169,43,25,55,25.0,21,0.25443786982248523,0.14792899408284024,0.3254437869822485,0.14792899408284024,0.1242603550295858
2017-10-31,181,37,26,64,24.0,30,0.20441988950276244,0.143646408839779,0.35359116022099446,0.13259668508287292,0.16574585635359115
2017-11-30,189,47,18,70,25.0,29,0.24867724867724866,0.09523809523809523,0.37037037037037035,0.13227513227513227,0.15343915343915343
2017-12-31,175,36,22,60,16.0,41,0.2057142857142857,0.12571428571428572,0.34285714285714286,0.09142857142857143,0.2342857142857143
2018-01-31,199,29,17,90,22.0,41,0.1457286432160804,0.08542713567839195,0.45226130653266333,0.11055276381909548,0.20603015075376885
2018-02-28,150,31,20,54,22.0,23,0.20666666666666667,0.13333333333333333,0.36,0.14666666666666667,0.15333333333333332
2018-03-31,163,47,20,36,24.0,36,0.2883435582822086,0.12269938650306748,0.22085889570552147,0.147239263803681,0.22085889570552147
2018-04-30,178,34,24,58,32.0,30,0.19101123595505617,0.1348314606741573,0.3258426966292135,0.1797752808988764,0.16853932584269662
2018-05-31,166,29,37,60,11.0,29,0.1746987951807229,0.22289156626506024,0.3614457831325301,0.06626506024096386,0.1746987951807229
2018-06-30,143,29,23,52,14.0,25,0.20279720279720279,0.16083916083916083,0.36363636363636365,0.0979020979020979,0.17482517482517482
2018-07-31,178,29,27,65,28.0,29,0.16292134831460675,0.15168539325842698,0.3651685393258427,0.15730337078651685,0.16292134831460675
2018-08-31,163,29,35,51,18.0,30,0.17791411042944785,0.2147239263803681,0.3128834355828221,0.11042944785276074,0.18404907975460122
2018-09-30,169,33,32,62,17.0,25,0.1952662721893491,0.1893491124260355,0.3668639053254438,0.10059171597633136,0.14792899408284024
2018-10-31,187,40,28,59,30.0,30,0.21390374331550802,0.1497326203208556,0.3155080213903743,0.16042780748663102,0.16042780748663102
2018-11-30,173,31,21,70,22.0,29,0.1791907514450867,0.12138728323699421,0.4046242774566474,0.12716763005780346,0.1676300578034682
2018-12-31,187,33,31,63,21.0,39,0.17647058823529413,0.1657754010695187,0.33689839572192515,0.11229946524064172,0.20855614973262032
2019-01-31,184,38,35,64,25.0,22,0.20652173913043478,0.19021739130434784,0.34782608695652173,0.1358695652173913,0.11956521739130435
2019-02-28,160,34,30,59,17.0,20,0.2125,0.1875,0.36875,0.10625,0.125
2019-03-31,182,25,33,55,30.0,39,0.13736263736263737,0.1813186813186813,0.3021978021978022,0.16483516483516483,0.21428571428571427
2019-04-30,183,46,30,57,20.0,30,0.25136612021857924,0.16393442622950818,0.3114754098360656,0.1092896174863388,0.16393442622950818
2019-05-31,165,27,27,66,21.0,24,0.16363636363636364,0.16363636363636364,0.4,0.12727272727272726,0.14545454545454545
2019-06-30,189,41,39,51,16.0,42,0.21693121693121692,0.20634920634920634,0.2698412698412698,0.08465608465608465,0.2222222222222222
2019-07-31,212,42,31,68,31.0,40,0.19811320754716982,0.14622641509433962,0.32075471698113206,0.14622641509433962,0.18867924528301888
2019-08-31,236,39,48,76,32.0,41,0.1652542372881356,0.2033898305084746,0.3220338983050847,0.13559322033898305,0.17372881355932204
2019-09-30,210,45,38,73,28.0,26,0.21428571428571427,0.18095238095238095,0.3476190476190476,0.13333333333333333,0.12380952380952381
2019-10-31,221,52,35,79,33.0,22,0.23529411764705882,0.1583710407239819,0.3574660633484163,0.1493212669683258,0.09954751131221719
2019-11-30,208,49,34,58,22.0,45,0.23557692307692307,0.16346153846153846,0.27884615384615385,0.10576923076923077,0.21634615384615385
2019-12-31,202,45,31,67,31.0,28,0.22277227722772278,0.15346534653465346,0.3316831683168317,0.15346534653465346,0.13861386138613863
2020-01-31,196,40,23,67,35.0,31,0.20408163265306123,0.11734693877551021,0.34183673469387754,0.17857142857142858,0.15816326530612246
2020-02-29,204,47,25,60,26.0,46,0.23039215686274508,0.12254901960784313,0.29411764705882354,0.12745098039215685,0.22549019607843138
2020-03-31,164,32,24,48,13.0,47,0.1951219512195122,0.14634146341463414,0.2926829268292683,0.07926829268292683,0.2865853658536585
2020-04-30,187,37,28,46,18.0,58,0.19786096256684493,0.1497326203208556,0.24598930481283424,0.0962566844919786,0.31016042780748665
2020-05-31,198,39,28,66,31.0,34,0.19696969696969696,0.1414141414141414,0.3333333333333333,0.15656565656565657,0.1717171717171717
2020-06-30,194,33,32,64,22.0,43,0.17010309278350516,0.16494845360824742,0.32989690721649484,0.1134020618556701,0.22164948453608246
2020-07-31,188,40,24,62,25.0,37,0.2127659574468085,0.1276595744680851,0.32978723404255317,0.13297872340425532,0.19680851063829788
2020-08-31,169,37,30,43,23.0,36,0.21893491124260356,0.17751479289940827,0.25443786982248523,0.13609467455621302,0.21301775147928995
2020-09-30,166,50,16,50,21.0,29,0.30120481927710846,0.0963855421686747,0.30120481927710846,0.12650602409638553,0.1746987951807229
2020-10-31,187,40,26,55,39.0,27,0.21390374331550802,0.13903743315508021,0.29411764705882354,0.20855614973262032,0.1443850267379679
2020-11-30,213,65,25,70,33.0,20,0.3051643192488263,0.11737089201877934,0.3286384976525822,0.15492957746478872,0.09389671361502347
2020-12-31,249,73,29,81,34.0,32,0.2931726907630522,0.11646586345381527,0.3253012048192771,0.13654618473895583,0.1285140562248996
2021-01-31,222,62,30,67,23.0,40,0.27927927927927926,0.13513513513513514,0.30180180180180183,0.1036036036036036,0.18018018018018017
2021-02-28,208,35,29,76,32.0,36,0.16826923076923078,0.13942307692307693,0.36538461538461536,0.15384615384615385,0.17307692307692307
2021-03-31,135,34,18,43,17.0,23,0.2518518518518518,0.13333333333333333,0.31851851851851853,0.1259259259259259,0.17037037037037037
2021-04-30,175,50,25,49,35.0,16,0.2857142857142857,0.14285714285714285,0.28,0.2,0.09142857142857143
2021-05-31,205,62,31,58,19.0,35,0.3024390243902439,0.15121951219512195,0.28292682926829266,0.09268292682926829,0.17073170731707318
2021-06-30,221,62,19,58,37.0,45,0.28054298642533937,0.08597285067873303,0.26244343891402716,0.167420814479638,0.20361990950226244
